<?xml version="1.0" encoding="UTF-8"?>
<project-private xmlns="http://www.netbeans.org/ns/project-private/1">
    <editor-bookmarks xmlns="http://www.netbeans.org/ns/editor-bookmarks/2" lastBookmarkId="0"/>
    <open-files xmlns="http://www.netbeans.org/ns/projectui-open-files/2">
        <group>
            <file>file:/C:/Users/Acer/Documents/NetBeansProjects/PendataanPendatangDanPendaftaranRelawan/web/index.xhtml</file>
            <file>file:/C:/Users/Acer/Documents/NetBeansProjects/PendataanPendatangDanPendaftaranRelawan/web/pendataanpendatangkekotasemarang/View.xhtml</file>
            <file>file:/C:/Users/Acer/Documents/NetBeansProjects/PendataanPendatangDanPendaftaranRelawan/web/pendaftaranrelawan/View.xhtml</file>
            <file>file:/C:/Users/Acer/Documents/NetBeansProjects/PendataanPendatangDanPendaftaranRelawan/web/pendaftaranrelawan/Edit.xhtml</file>
            <file>file:/C:/Users/Acer/Documents/NetBeansProjects/PendataanPendatangDanPendaftaranRelawan/web/pendataanpendatangkekotasemarang/Edit.xhtml</file>
            <file>file:/C:/Users/Acer/Documents/NetBeansProjects/PendataanPendatangDanPendaftaranRelawan/web/pendaftaranrelawan/Create.xhtml</file>
            <file>file:/C:/Users/Acer/Documents/NetBeansProjects/PendataanPendatangDanPendaftaranRelawan/web/pendaftaranrelawan/List.xhtml</file>
            <file>file:/C:/Users/Acer/Documents/NetBeansProjects/PendataanPendatangDanPendaftaranRelawan/web/pendataanpendatangkekotasemarang/List.xhtml</file>
            <file>file:/C:/Users/Acer/Documents/NetBeansProjects/PendataanPendatangDanPendaftaranRelawan/web/pendataanpendatangkekotasemarang/Create.xhtml</file>
        </group>
    </open-files>
</project-private>
